name,res29,res30,res11,res06,res04,res10,res18,res36,res34,res39,res37,res33,res15,res17,res16,res02,res01,res03,res20,res21,res19,res12,res13,res14,res65,res83,res81,res67,res76,res82,res79,res75,res70,res66,res35,res22,res23,res24,res25,res26,res27,res28,res84,res85,res86,res87,res88,res89,res90,res46,res53,res50,res41,res45,res44,res43,res40,res42,res47,res48,res49,res52,res51,res57,res63,res61,res62,res64,res60,res54,res55,res56,res58,res59,res05,res09,res08,res38,res31,res32,res07,res77,res71,res68,res74,res73,res80,res69,res78,res72
Acer pseudoplatanus,,,,,,,,,,,,,,,,,,,0.1,,0.1,0.1,,,,0.5,,,,0.5,,,,,,,0.5,,0.5,2,,,,,,,,,,,,,,,,,,,,,,,,,,,,,,,,,,,,,,,,,,,,,,,,,,
Achillea millefolium agg.,,,0.5,,,,,,,,,,,,0.5,,,,,,,,,,,,,,0.5,0.5,0.5,0.5,,,,,,,0.5,0.5,,,0.5,0.5,0.5,0.5,0.5,0.5,,,0.5,0.5,,,,,,,,,0.5,,,,,,,,,,,,,,,0.5,,,,,,0.5,4,4,0.5,,,,,
Agrimonia eupatoria,,0.5,0.5,0.5,2,2,,0.5,0.5,0.5,,0.5,,,,,,,,,,,,,,,,0.5,,,,2,0.5,,0.5,,,,,,,,0.5,0.5,0.5,0.5,0.5,2,0.5,,2,0.5,,,,,,,,,0.5,,,,,,,,,,,,,,0.5,0.5,0.5,,0.5,,0.5,,,10,,,,,0.5,0.5
Allium suaveolens,,,,,,,,,,,,,,,,,,,,,,,,,,,,,,,,,,,,,,,,,,,,,,,,,,,,,,,,,,,,,,,,,,,0.5,,,,,,,,,,,,,,,,,,,,,,,
Alopecurus pratensis agg.,2,2,,,,,,,,,,,,,,,,,,,,,,,,,,,,,,,,,,,,,,,,,,,,,,,,,,,,,,,,,,,,,,,,,,,,,,,,,,0.5,,,,,,,,,,,,,,
Anthericum ramosum,,,,,,0.5,0.5,,,,0.5,0.5,0.5,0.5,0.5,0.5,2,0.5,0.5,0.5,0.5,0.5,0.5,2,,,,,,,,,,,,,,,,,,,,,,,,,,,,,0.5,0.5,0.5,0.5,,,0.5,0.5,,,,,,0.5,,,0.5,,,0.5,0.5,0.5,,,,,,,,,,,,,,,,
Anthyllis vulneraria,,,,,,0.5,0.5,0.5,,0.1,,,,,4,,,,,,,,0.5,0.5,,,,,,,,,,,,,,,,,,,,,,,,,,,,,,0.5,,,,,,,,,,,,,,0.5,0.5,0.5,,0.5,0.5,0.5,,,,,,,,,,,,,0.5,,,
Arabidopsis thaliana,,,,,,,,,,,,,,,,,,,,,,,,,,,,,,,,,,,,,,,,,,,,,,,,,,,,,,,,,,,,,,,,,,,,,,,,,,,,,,0.5,,,,,,,,,,,,
Arabis hirsuta agg.,,,,,,,,,,,,,,,,,,,,,,,,,,,,,,,,0.5,,,,,,,,,,,,,,,,,,,,,,,,,,,,,,,,,,,,,,,,,,,,,,,,,,,,,,,,,,0.5
Arenaria serpyllifolia agg.,,,0.1,,0.5,0.5,,,,,,0.1,,,,,,,0.5,,,,,,,,0.5,,0.5,0.5,,0.5,,,,,,,,,,,,,,0.5,,,,,,0.5,,,,,,,,,0.5,,,,,,,,,,,,,,,0.5,0.5,,,,,0.5,0.5,0.5,,,,0.5,0.5,
Arrhenatherum elatius,,,,0.5,0.5,,,,,,,,,,,,,,,,,,,,,0.5,,0.5,2,2,2,0.5,2,2,,,2,,,,,,,0.5,,0.5,,2,,,,0.5,,,,,,,,,2,2,2,,,,0.5,0.5,,,,,,,4,4,0.5,,,,0.5,10,38,0.5,4,0.5,4,4,,0.5
Asperula cynanchica agg.,,,,,,0.5,0.5,,0.5,0.5,,,0.5,,0.5,0.5,0.5,0.5,0.5,0.1,0.1,0.5,0.5,0.5,,,,,0.5,0.5,0.5,,,0.5,0.5,,0.5,0.5,0.5,0.5,0.5,0.5,,0.5,,0.5,,,,0.5,0.5,,0.5,0.5,0.5,,0.5,0.5,0.5,0.5,,,,,0.5,,0.5,,0.5,0.5,,,0.5,0.1,,,,,,0.5,,,,,0.5,0.5,0.5,,0.5,
Asperula tinctoria,,,,,,,,,,,,,,,,,,,,,,,,,0.5,0.5,0.5,,0.5,,,,0.5,,,,,,,,,,,,,,,,,,0.5,,,,,,,,,,,0.5,,,,,0.5,,,,,,,,,,,,,,,0.5,0.5,0.5,,,,0.5,,
Aster alpinus,,,,,,,,,,,,,0.5,,,,,,,,,,,,,,,,,,,,,,,,,,,,,,,,,,,,,,,,,,,,,,,,,,,,,,,,,,,,,,,,,,,,,,,,,,,,,
Aster amellus,,,,,,,,,,,,,,,,,,,,,,,,,,,,,,,,,,,,,,,,,,,,,,,,,,,,,,0.5,,,,,,,,,,,,,,,,,,,,,,,,,,,,,,,,,,,,
Betonica officinalis,,,,2,2,0.5,,,2,0.5,0.5,,,0.5,0.5,,,,,,,,,0.5,2,,,2,10,,4,10,10,0.5,0.5,0.5,,0.5,0.5,,0.5,0.5,0.5,0.5,2,2,0.5,0.5,0.5,,4,2,,0.5,0.5,,,,0.5,,2,10,0.5,,0.5,,0.5,0.5,,,,,,,0.5,0.5,4,0.5,,,2,10,10,20,4,0.5,4,4,10,4
Betula pendula,,,,,,,,,,,,,,,,,,,,,,,,,,,,,,,,,,,,,,,,,,,,,,,,,,0.5,,,,,,,,,,,,,,,,,,,,,,,,,,,,,,,,,,,,,,,,
Biscutella laevigata,,,,,,,,,,,0.5,,,,,,,,,,,0.5,,0.5,,,,,0.5,,,,,,,,,0.5,,,,0.5,,,,,,,,,,,0.5,,0.5,,,,,,,,,,,,,,,,,,0.5,,,,,,,,,0.5,,,,,,,0.5,
Brachypodium pinnatum agg.,20,20,20,20,10,10,,4,20,2,20,20,,,0.5,0.5,,0.5,,,,,,,10,10,20,2,,10,20,20,4,20,38,4,4,20,20,20,10,10,2,10,20,20,4,38,2,,20,2,,,,,,,,,,38,20,,4,,10,4,,,,,0.5,,20,10,20,10,20,10,10,0.5,0.5,4,2,10,2,2,10,10
Briza media,,,,,,0.5,,,,,,,,,,,,,,,,,,,,0.5,,,,,,,,,,0.5,,0.5,,,,0.5,,,,,,,,,,,,,,,,,,,,,,,,,,,,,,,,,,0.5,,,,,,,,,,,,,0.5,0.5
Bromus erectus agg.,20,10,10,4,10,2,,10,20,20,10,10,0.5,,,,,,,,,,,,20,20,2,20,20,10,10,10,4,10,4,20,20,10,20,10,10,10,20,10,10,20,20,20,20,,4,10,,,,0.1,,,0.5,,38,10,20,,20,,20,38,,0.5,,0.1,,,2,4,4,4,4,10,20,10,38,2,38,38,10,10,10,20
Buphthalmum salicifolium,,,0.5,,,0.5,,0.5,0.5,0.5,0.5,0.5,0.5,0.5,,,0.5,,0.5,2,,,,0.5,,,,,0.5,,,0.5,0.5,,0.5,,,0.5,,,0.5,,,0.5,,0.5,,,,,,,0.5,,,,,0.5,,,,,,,,,,,,0.5,,0.5,0.5,,,0.5,,,0.5,,,,,,,,,,,
Campanula rapunculoides,2,10,,,0.5,,,,,,,,,,,,,,,,,,,,,,,,,,,,,,,,0.5,,,0.5,,0.5,,,,,,,,,,,,,,,,,,,,,,,,,,,,,,,,,0.5,,0.5,,0.5,2,2,,,,,0.5,,,0.5,
Campanula rotundifolia agg.,,,,,0.5,,0.5,,,,,,,,,0.5,,,,,,,,,,,,,,,,,,,,,,,,,,,,,,,,,,,,,,,,,,,,,,,,,,,0.5,,,,,,,,,,0.5,,0.5,,,,,,,,,,,
Carduus defloratus agg.,,,,,,,,,,,,,,,,,,,,,,,,,,,,,,,,,,,,,,,,,,,,,,,,,,,,,,,,,,,,,,,,,,,,,,,,,,,,0.5,,,,,,,,,,,,,,
Carex ericetorum,,,,,,,,,,,,,,0.5,2,,,,,,,,,0.5,,,,,,,,,,,,,0.5,,,,,,,,,,,,,0.5,,,0.5,,2,0.5,0.5,0.5,,,,,,,,,,,,,,,,,,,,,,,,,,,,,,,,
Carex humilis,,,,,,0.5,0.5,,,,2,,,2,0.5,0.5,,0.5,2,2,2,10,2,2,,,,,,,,,,,,,,,,,0.5,0.5,,,,,,,,2,,,4,,0.5,10,2,2,2,10,,,,0.5,,,,,2,,,,0.5,0.5,,,,,,,,,,,,,,,,
Carex montana,,,,,,,,,,,,,,,,,,,,,,,,,,4,,,,,,,,,,,,,,,,,,,,,,,,,,,,2,,0.5,0.5,,,,,,,,,,,,,,,,,,,,,,,,,,,,,,,,,
Carex muricata agg.,,,,,,0.1,,,,,,,,,,,,,,,,,,,,,,,,,,,,,,,,,,,,,,,,,,,,,,,,,,,,,,,,,,,,,,,,,,,,,,,,,,,,,,,,,,,,
Centaurea jacea,,,0.5,,,0.5,,0.5,0.5,0.5,0.5,0.5,,0.5,0.5,0.5,,,,,,,,,,,,,0.5,,,0.5,,,0.5,0.5,,0.5,0.5,2,0.5,,,,,,,0.5,,,,,,,,,,,,,,,,,,,,,,,,,0.5,,,,,0.5,,,,,,,,,,,,
Centaurea scabiosa,,,4,4,2,4,,0.5,,0.5,0.5,0.5,,0.5,0.5,,0.5,0.5,,,,0.5,0.5,,2,4,,4,4,2,,2,0.5,2,0.5,,0.5,,,0.5,,,,2,,,0.5,,4,,2,2,,2,,,,,2,,,4,,2,,0.5,,,,,0.5,0.5,0.5,0.5,4,0.5,2,,,,4,,4,2,0.5,,,0.5,4,4
Centaurea triumfettii,,,,,,,,,,,,,,,0.5,0.5,2,0.5,,,,,,,,,,,,,,,,,,,,,,,,,,,,,,,,,,,,,,,,,,,,,,,,,,,,,,,,,,,,,,,,,,,,,,,,
Cerastium fontanum agg.,,,,,,,,,,,,,,,,,,,,,,,,,,,0.5,,,,,,,,,,,,,,,,,,,,,,,,,,,,,,,,,,,,,,,,,,,,,,,,,,0.5,,,,,,,,,,,,,
Clinopodium vulgare,,,,,,,,,,,,,,,,,,,,,,,,,,,,,,,,,,,,,,,,,,,,,,,,,,,,,,,,,,,,,0.5,,,,,,,,,,,,,,,,,,,,,0.5,2,0.5,,,,,,
Convolvulus arvensis,,,,,,,,,,,,,,,,,,,,,,,,,0.5,0.5,,,,,0.5,,,0.5,,,0.5,,,0.5,,,0.5,,,,,,,,,,,,,,,,,,,,,,0.5,,0.5,,,,,,,,,,,,0.5,,,,,,,,0.5,2,,
Coronilla vaginalis,,,,,,,,,,,,,,,,,,,,,,,,,,,,,,,,,,,,,,,,,,,,,,,,,,,,,,,,,,,,,,,,,,,,,,,,,,,,,,0.5,,,,,,,,,,,,
Crataegus monogyna agg.,,,,,,,,,,,,,,,,,,,,,,,,,,,,,,,,,,,,,,,,,,,,,0.5,,,,,,0.5,,,,,,,,,,,,,,,,,,,,,,,,,,,,,,,,,,,,,,,
Cytisus nigricans,,,,,,,,,,,,,,,,,,,,,,,,,,,,,,,,,,,,,,,,,,,,,,,,,,,,,,,,,,,,,,,,,,,,,,,,,,,,2,,,,,,,,,,,,,,
Cytisus ratisbonensis,,,,,,,,,,,,,,,,,,,,,,,,,,,,,,,,,,,,,,,,,,,,,,,,,,,,,,2,0.5,,,,2,,,,,,,,,,,,,,,,,,,,,,,,,,,,,,,
Dactylis glomerata agg.,,,,,,,,,,,,,,,,,,,,,,,,,,,,0.5,0.5,,,,,,,0.5,,,,,,,,,,,,,,,,,,,,,,,,,,,,,0.5,,,0.5,,,,,,,,,0.5,,,,,2,,0.5,,,,,0.5,
Daucus carota,,,,,,,,,,,,,,,,,,,,,,,,,,,,,,,,,,,,,,,,0.1,,,,,,,,,,,,,,,,,,,,,,,,,,,,,,,,,,,,,,,,,,2,0.5,0.5,,,,,,
Deschampsia cespitosa agg.,,,,,,,,,,,,,,,,,,,0.1,,,,,,,,,,,,,,,,,,,,,,,,,,,,,,,,,,,,,,,,,,,2,,,,,,,,,,,,,,,,,,,,,,,,,,,,
Dianthus carthusianorum agg.,0.5,0.5,0.5,,,,,,,0.5,0.5,0.1,,,,,,,,,,,,,2,,,0.5,2,,4,0.5,2,,,,,,,0.5,0.5,,,,0.5,,,,0.5,,0.5,0.5,,0.5,,,,0.5,,0.5,2,,,,0.5,,,,,,,,,,,0.5,,,,,,0.5,0.5,2,0.5,0.5,2,4,2,0.5
Dorycnium pentaphyllum agg.,,,,,,,,,,,,,,,,2,0.5,4,,,0.5,,0.5,,,,,,,,,,,,,,,0.5,,,,,,,,,,,,0.5,,,0.5,2,2,,2,2,10,,,,,,,,,0.5,,,,,,0.5,,,,,,,,,,,,,,,,
Epilobium parviflorum,,,,,,,,,,,,,,,,,,,,,,,,,,,,,,,,,,,,,,,,,,0.5,,,,,,,,,,,,,,,,,,,,,,,,,,,,,,,,,,,,,,,,,,,,,,,,
Erigeron annuus,,,,,,,,,,,,,,,,,,,,,,,,,,,,,0.5,,,,,,,,,,,,,,,,,,,,,,,,,,,,,,,,,,,,,,,,,,,,,,,,,,,,,,,,,,,,,
Euphorbia verrucosa,,,,,,,,,,,,,,,,,,,,,,,,,,,,,,,,,,,0.5,,,,,,,,,,,,,,,,,,,,,,,,,,,,,,,,,,,,,,,,,,,,,,,,,,,,,,,
Euphrasia officinalis,,,,,,,,,,,,,,,,,,,,,,,,,,,,,,,,,,,,,,,,,,,,,,,,,,0.5,,,0.5,,,,,,,0.5,,,,,,,,,0.1,,,,,,,,,,,,,,,,,,,,,
Euphrasia officinalis var. curta,,,,,,,,,,,,,,,,,,,,,,,,,,,,,,,,,,,,,,,,,,,,,,,,,,,,,,,,0.5,,,,,,,,,,,,,,,,,,,,,,,,,,,,,,,,,,
Festuca arundinacea,,,,,,,,,,,,,,,,,,,,,,,,,,,,,,,,,,,,,,,,,,,,,,,,,,,,,,,,,,,,,,,,,,,,,,,,,,,2,,,,,,,,,,,,,,,
Festuca rubra agg.,10,0.5,2,4,10,0.5,0.5,38,10,20,20,20,0.5,,0.5,,,,,,,,0.5,0.5,4,20,10,10,4,10,4,10,10,10,10,10,20,10,10,4,20,10,20,20,20,10,20,0.5,10,,2,10,,0.5,0.5,0.5,,4,0.5,,10,38,38,0.5,4,2,20,10,0.5,0.5,0.5,2,0.5,0.5,4,2,4,10,4,10,4,10,10,4,20,38,20,20,10,20
Filipendula vulgaris,,0.5,0.5,2,10,2,,,0.5,0.5,0.5,0.5,,,,,,,,,,0.5,,,4,0.5,0.5,0.5,10,0.5,4,2,2,4,0.5,0.5,0.5,0.5,0.5,0.5,0.5,0.5,0.5,2,,2,2,4,0.5,,2,0.5,,,,,,,,,0.5,,0.5,,4,,2,0.5,,,,,,,10,2,2,0.5,0.5,,2,0.5,0.5,4,0.5,,10,10,10,0.5
Fragaria viridis,,,,,,,,,,,,,,,,,,,,,,,,,,,,,,,,,,,,0.5,,,,,,,,,2,,,,,,,2,,,,,,,,,,,4,,,,,,,,,,,,,,,,,,,,,,,,,,,
Fraxinus excelsior,,,,,,,,,,,,,,,,,,,,,0.1,,,,,,,,,,,,,,,,,,,,,,,,,,,,,,,,,,,,,,,,,,,,,,,,,,,,,,,,,,,,,,,,,,,,,
Galium boreale agg.,,,,,,,,,,,,,,,,,,,0.5,,,,,,,,,,,,,,,,,,,,,,,,,,,,,,,,,,,,,,,,,,,,,,,,,,,,,,,,,,,,,,,,,,,,,,,
Galium mollugo agg.,0.5,2,0.5,0.5,0.5,2,,,0.5,0.5,,,0.5,0.5,,,,,0.5,,,,,,0.5,4,0.5,2,2,2,0.5,2,2,2,0.5,2,0.5,,2,0.5,0.5,0.5,2,0.5,2,0.5,2,10,4,,0.5,0.5,,,,,,,,,0.5,0.5,0.5,,20,,10,10,,,,,,,2,4,0.5,2,2,2,0.5,10,4,2,4,4,4,4,4,10
Galium pusillum agg.,,,,,,,,,,0.5,,,,,0.5,,,,,,,,,,,,,,,,,,,,,,,,,,,,,,,,,,,,,,,,,,,,,,,,,,,,,,,,,,,,,,,,,,,,,,,,,,,
Galium verrucosum,,,,,,,,,,,,,,,,,,,,,,,,,,,,,4,,,,,,,,,,,,,,,,,,,,,,,,,,,,,,,,,,,,,,,,,,,,,,,,,,,,,,,,,,,,,
Galium verum agg.,,,,0.5,0.5,,,,,,,,,,,0.5,0.5,0.5,0.5,0.5,0.5,,,,,,,2,,,,0.5,4,2,,0.5,,,,0.5,,,0.5,,,2,0.5,0.5,0.5,,,0.5,,0.5,,,,,,,,,,,2,,,0.5,,0.1,,,,,2,,0.5,,,,0.5,,0.5,0.5,2,0.5,2,0.5,,0.5
Genista tinctoria,4,4,,0.5,,,2,2,2,10,2,0.5,4,0.5,4,2,4,2,0.5,4,4,0.5,4,2,,,,,,,2,,0.5,,0.5,,,0.5,,,0.5,,0.5,,,,,,,0.5,0.5,2,0.5,,,,,4,0.5,2,20,0.5,0.5,,0.5,,0.5,,0.5,,0.5,,0.5,,10,,2,0.5,0.5,2,0.5,,2,,,,,,,
Globularia bisnagarica,,,,,,,0.5,,,,,,,0.5,0.5,2,0.5,0.5,0.5,0.5,2,2,,0.5,,,,,,,,,,,,,,,,,,,,,,,,,,0.5,,,0.5,0.5,0.5,2,2,4,2,0.5,,,,0.5,,0.5,,,0.5,0.5,0.5,0.5,2,,,,,,,,,,,,,,,,,
Globularia cordifolia agg.,,,,,,,,,,,,,,,,,,,,,,2,,,,,,,,,,,,,,,,,,,,,,,,,,,,4,,,2,0.5,,,,,,,,,,,,,,,,,,,,,,,,,,,,,,,,,,,,
Helianthemum nummularium agg.,,,,,,,4,,0.5,0.5,,,4,2,,4,10,20,10,10,2,2,10,4,,,,,,,,,0.5,,,,,,0.5,0.5,,,,,,,,,,0.5,,,0.5,4,2,,0.5,10,4,,,10,38,4,,10,,0.5,4,2,4,2,4,4,,,,,,,4,,,,,,,,,0.5
Helictotrichon pratense,,,0.5,,,,,,,,,,,,,,,,,,,,,,,,,,,,,,,,,,,,,,,,,,,,0.5,4,,,0.5,,,,,,,,,,,,,,,,0.5,,,,,,,,,0.5,,0.5,,,,,,,,,,,,
Helictotrichon pubescens,,,,,,2,,,,,,,,,,,,,,,,,,,,,,,,,,,,,,,,,,,,,,,,,,,,,,,,,,,,,,,,,,,,,,,,,,,,,,,,,,,,,,,,,,,,
Hieracium,,,,,,,,,,,,,,,,,,,,,,,,,,,,,,,,,,,,,,,,,,,,,,,,,,,,,,,,,,,,,,,,,,,,,,,,,,,0.5,,,,,,,,,,,,,,,
Hippocrepis comosa,,,,,,,0.5,,,,,,0.5,,,0.5,0.5,0.5,,,,0.5,4,,,,,,,,,,,,,0.5,,0.5,,,0.5,0.5,,,,,0.5,,,0.5,,,0.5,,0.5,,,,,,,,,0.5,0.5,0.5,,4,0.5,0.5,0.5,,0.5,0.5,,0.5,0.5,2,,0.5,,0.5,,,0.5,,0.5,,,
Hypericum perfoliatum,,,,,,,,,,,,,,,,,,0.1,,,,,,,,,,,,0.5,,,,,,,,,,,,,,,,,,,,,,,,,,,,,,,,,,,,,,,,,,,,,,,,,,,,,,,,,,,,
Hypericum perforatum,,,,,,,,,,,,,,,0.5,,,,,,,,,,,,,,,,,,,,,,,,,,,,,,,,,,,,,,,,,,,,,,,,,,,,,,,,,,,,,,,,,,,,,,,,,,,
Inula hirta,,,,,,,0.5,,,,,,,,,0.5,,0.5,,,,,,,,,,,,,,,,,,,,,,,,,,,,,,,,,0.5,0.5,,,,,,,2,,,0.5,,,0.5,,,,,,,,,,,,,,,,,,,,,,,,,
Inula salicina,,,,,,,,,,,,,,,,,,,,,,,,0.5,,,,,,,,,,,,,,,,,,,,,,,,,,,,,,,,,,,,,,,,,,,,,,,,,,,,,,,,,,,,,,,,,,
Jacobaea vulgaris,,,0.5,0.5,0.5,2,0.5,2,,,,0.5,,,0.5,,0.5,,0.5,,,,,,,,,,0.5,,0.5,,0.5,,0.5,,,0.1,,,,,0.5,,,,,,,,,,,,,,,,,,0.5,,,,,,,,,,,,,,,0.5,,,,2,0.5,,,,,,0.5,,,
Knautia arvensis agg.,0.5,,,4,0.5,,,,,,,,,,,,,,,,,,,,,,,2,,0.5,,,,,,,,,,,,0.5,,,,,,,,,,,,,,,,,,,,,,,,,,,,,,,,,0.5,,2,,,,,,,,,,,,,
Koeleria pyramidata agg.,0.5,0.5,0.5,0.5,0.1,0.5,,0.5,0.5,0.5,,0.5,,,,,,,,,,,,,,,0.5,2,,4,0.5,2,,,,,2,,0.5,,0.5,,,,0.5,0.5,2,,2,,,0.5,,,,,,,,,2,4,,,10,,4,10,,,,,,,2,0.5,4,,,,2,4,10,0.5,4,2,0.5,,10,0.5
Lathyrus tuberosus,,,,,,,,,,,,,,,,,,,,,,,,,,,,,,,,,,,,,,,,,,,,,,,,,,,,,,,,,,,,,,,,,,,,,,,,,,,,,,,,,,,,,,,,,,0.5
Legousia speculum-veneris,,,,,,,,,,,,,,,,,,,,,,,,,,,,,,,,,,,,,,,,,,,,,,,,,,,,,,,,,,,,,,,,,,,,,,,,,,,,,,,,,,,,,,,,,,0.5
Leontodon hispidus,,,,,0.5,0.5,,,,,,,,,,,,,0.5,,,,,,,,,,,,,,,,,,,,,,,,,,,,,,,,,,,,,,,,,,,,,,,,,0.5,,,,,,,,,,,,,,,,,,,,,,
Leontodon incanus,,,,,,,,,,,,,,,0.5,0.5,0.5,0.5,0.5,2,0.5,0.5,,0.5,,,,,,,,,,,,,,,,,,,,,,,,,,0.5,,,0.5,0.5,0.5,2,2,4,2,2,,,,4,,4,,,4,4,2,0.5,0.5,0.5,,,,,,,,,,,,,,,,
Leucanthemum vulgare agg.,,,,,,,,,,,,,,,,,,,,,,,,,,,,,,,,,,,,,,,,0.5,,,,,,,,,,,,,,,,,,,,,,,,,,,,,,,,,,,,,,,,,,,,,,,,,,
Linum catharticum,,,,,,0.5,,,,,,,,,0.5,,,,,,,0.5,,,,,,,,,,,,,,,,0.5,,,,0.5,,,,,,,,0.5,0.5,,,,,,,,,,,,,,,,,,,,,,,,,0.5,,,,,,,,,,,,,,
Linum catharticum subsp. suecicum,,,,,,,,,,,,,,,,,,,,0.5,,,,,,,,,,,,,,,,,,,,,,,,,,,,,,,,,,,,,,,,,,,,,,,,,,,,,,,,,,,,,,,,,,,,,,
Linum perenne agg.,0.5,,0.5,0.5,0.5,2,0.5,0.5,0.5,0.5,,0.1,,0.5,0.5,,,,,,,0.5,0.5,0.5,0.5,,,0.5,2,,2,0.5,2,0.5,0.5,,,,,0.5,,,,,,,,,0.5,0.5,0.5,2,,,0.5,0.5,2,0.5,2,,4,0.5,,0.5,,0.5,,,0.5,0.5,0.5,0.5,0.5,0.5,0.5,2,0.5,,0.5,,0.5,0.5,0.5,2,0.5,0.5,2,2,0.5,2
Lotus corniculatus agg.,,0.5,0.5,,0.5,0.5,,,,0.5,0.5,0.5,,0.5,0.5,0.5,0.5,,0.5,0.5,,,,,,,,,,0.5,,,,,,,,0.5,,,0.5,,0.5,,,,,,0.5,,0.5,,,,,0.5,,,,,0.5,,,0.5,,,,,0.5,,,,,,,0.5,0.5,,,,0.5,,,,,,,,,
Medicago falcata,,,,,,,,,,,,,,,,,,,,,,,,,,,,,,,,,,,,,,,,,,,,,,,,,,,,,,,,,,,,,,,,,,,,,,,,,,,2,,,,,,,,,,,,,,,
Medicago lupulina,,,,0.5,,,,,,,,,,,,,,,,,,,,,,,,,,,,,,,,,,,,,,,,,,,,,,,,,,,,,,,,,,,,,,,,,,,,,,,,0.5,,,,,,,,,,,,,,
Myosotis arvensis,,,,,,,,,,,,,,,,,,,,,,,,,,,0.5,,,0.5,,,,,,,,,,,,,,,,,,0.5,,,,,,,,,,,,,,,,,,,,,,,,,,,,,,,,,,,,,,,,,,
Ophrys apifera,,,,,,,,,,,,,,,,,,,,,,,,,,,,,,,,,0.5,,,,,,,,,,,,,,,,,,,,,,,,,,,,,,,,,,,,,,,,,,,,,,,,,,,,,,,,,
Origanum vulgare agg.,,,,,,,,,,,,,,,,,,,,,,,,,0.5,,,,,,,,,,,,,,,,,,,0.5,,,,,,,,,,,,,,,,,,,,,,,,,,,,,,,,,,,,,,,,,,,,,,
Orobanche gracilis,,,,,,,,,,,,,,,0.5,0.5,,,,,,,,,,,,,,,,,,,,,,,,,,,,,,,,,,,,,,,,,,,,,,0.5,0.5,,,,,,,,,,,,,,,0.5,,,,,,,,,,,,
Peucedanum oreoselinum,,,,4,2,0.5,,,2,,2,0.1,,,0.1,,,0.5,,,,0.5,,,0.5,,,10,10,,0.5,10,10,0.5,0.5,,,,0.5,,0.5,,0.5,,,0.5,,,2,,0.5,0.5,,0.5,0.5,,,,,0.5,,0.5,0.5,,0.5,,,2,,,,,,,0.5,,4,4,,,4,,,0.5,,2,2,4,2,0.5
Phleum phleoides,,,,,,,,0.5,2,10,0.5,0.5,,,0.5,,,,,,,,,,0.5,,0.5,,0.5,,4,4,4,4,0.5,,,,,,,0.5,0.5,0.5,2,0.5,0.5,,4,,,,,,,,,,,,,,,,,,,,,,,,,,,,,2,2,2,,2,2,,,4,2,0.5,,2
Picris hieracioides agg.,,,,,,,,,,,,,,,,,,,,,,,,,,,,,,,0.5,,0.5,0.5,,,,,,,,,,,,,,,,,,,,,,,,,,,0.5,,,,,,0.5,0.5,,,,,,,,0.5,,,,,0.5,2,0.5,20,2,0.5,4,0.5,0.5,
Pilosella officinarum,,,,,,0.1,,,,,,,0.5,0.5,,,0.5,,,0.5,0.5,0.5,,0.5,,,,,,,,,,,,,,,,,,,,,,,,,,,,,,,0.1,0.1,,,,,,,,0.5,,0.5,,,,,0.5,0.5,0.5,,,,,,,,,,,,,,,,,
Pimpinella saxifraga agg.,,,,,,,,0.5,0.5,0.5,0.5,0.5,,,,,,,,,,,,,,,,0.5,0.5,,0.5,2,,,0.5,0.5,,,,,0.5,0.5,,0.5,,0.5,0.5,,0.5,,0.5,0.5,,,,,,,,,0.5,,,,,,,,,0.5,,,,,,,,0.5,,,0.5,0.5,,,0.5,0.5,0.5,0.5,0.5,0.5
Plantago lanceolata,,,,,0.5,0.5,,0.5,0.5,,,,,,,,,,,,,,,,,,,0.5,2,0.5,,0.5,0.5,,,,,0.5,0.5,0.5,0.5,0.5,,,,0.5,,0.5,,,,,,,,,,,,,,,,,,,,,,,,,,,,0.5,,,0.5,0.5,,2,,0.5,0.5,,2,0.5,,0.5
Plantago media agg.,,,,0.5,2,2,,,,,,0.5,,,,,,0.5,,,,,,,,,,,,,,,,,,,,,,,,,,,0.5,,,,2,,0.5,4,,,,,,,,,10,,,,,0.5,,,,,,,,,,,4,,,,0.5,0.5,,,,,,,0.5,
Poa annua agg.,,,,,,,,,,,,,,,,,,,,,,,,,,,,,,,,,,,,,,,,,,,,,,,0.5,,,,,,,,,,,,,,,,,,,,,,,,,,,,,,,,,,,,,,,,,,,
Poa pratensis agg.,0.5,0.5,,0.5,0.5,,,,,,,,,,,,,,,,,,,,,0.5,0.5,,0.5,2,0.5,,,,,0.5,0.5,0.5,0.5,2,0.5,0.5,0.5,0.5,0.5,0.5,0.5,0.5,0.5,,,,,,,,,,,,,,,,0.5,,0.5,0.5,,,,,,,0.5,0.5,0.5,0.5,0.5,,0.5,,,,,,,,,
Polygala amara agg.,,,,,,,,,,,,,,,,,,,,,,,,,,,,,,,,,,,,,,,,,,,,,,,,,,,,,,,,,,,0.5,,,,,,,,,,,,,,,,,,,,,,,,,,,,,,,
Polygonatum odoratum,,,,,,,,,,,,,,,,,,,,,,,,0.5,,,,,,,,,,,,,,,,,0.1,,,,,,,,,,,,,,,,,,,,,,,,,,,,,,,,,,,0.5,,,,,,,,,,,,,,
Populus nigra,,,,,,,,,,,,,,,,,,,,,,,,,,,,,,,,,,,,,,,,,,,,,,,,,,,,,,,,,,,,2,,,,,,,,,,,,,,0.5,,,,,,,,,,,,,,,,
Populus tremula,,,,,,,,,,,,,,,,,,,,0.5,,,,,,,,,,,,,,,,,,,,,,,,,,,,,,,,,,,,,,,,,,,,,,,,,,,,,,,,,,,,,,,,,,,,,,
Potentilla cinerea,,,,,,,,,,,,,,,,,,,,,0.5,,,,,,,,,,,,,,,,,,,,,,,,,,,,,,,,,,,,,,,,,,,,,,,,,,,,,,,,,,0.5,,,,,,,,,,,
Potentilla verna agg.,,,,,,,0.5,,,,,,,,0.5,,,,0.5,,0.1,,,0.5,,,,,,,,,,,,,,,,,,,,,,,,,,,,,,,,,,,,,0.5,,,,,,,,,,,,,,,,,,,,,,,,,,,,,
Primula veris,,2,,,,,,,,,,,,,,,,,,,,,,,,,,2,10,,,,4,2,,,,0.5,,,,,,,,0.5,,4,,,,,,,,,,,,,,,,,,,,,,,,,,,,,,,0.5,,,,,,0.5,,0.5,0.5,2,0.5
Prunella grandiflora,2,,,,,,,,0.5,,,,,,0.5,2,,2,,,0.5,,,,0.5,,,0.5,2,,2,2,,0.5,0.5,2,,2,0.5,2,0.5,2,0.5,,0.5,,,,,,,,,,,,,2,0.5,0.5,2,,,0.5,,0.5,,,0.5,,,,,,0.5,,0.5,,,,2,,,,0.5,2,2,,0.5,0.5
Prunus spinosa agg.,,,,,,,,,,,,,,,,,0.5,,,,,,,,,,,,,,,,,,,,,,,,,,,,,,,,,,,,,,,,,,,,,,,,,,,,,,,,,,,,,,,,,,,,,,,,,
Pulicaria vulgaris,,,,,,,,,,,,,,,,,,,0.1,,,,,,,,,,,,,,,,,,,,,,,,,,,,,,,,,,,,,,,,,,,,,,,,,,,,,,,,,,,,,,,,,,,,,,,
Pulsatilla patens,,,,,,,0.5,,,,,,0.5,0.5,4,,,0.5,2,10,0.5,2,,0.5,,,,,0.5,,,,,,0.5,,,,,,,,,,,,,,,2,,,0.5,0.5,,,,0.5,,4,,,,0.5,,0.5,,,0.5,,0.5,,0.5,0.5,,,,0.5,,,,,,,,,,,,
Pulsatilla vulgaris agg.,,,,,,,,,,,,,,,,,,,0.1,,0.1,,0.5,,,,,,,,,,,,,,,,,,,,,,,,,,,0.5,,,,,,,0.5,,,,,,,,,,,,,,0.5,,,,,,,,,,,,,,,,,,,
Ranunculus bulbosus agg.,,,,,0.5,0.5,,,,,,,,,,,,,,0.1,,,,,0.5,,,,0.5,,0.1,,,,,,,,,,,,0.1,,0.5,,0.5,0.5,0.5,,,,,,,,,,,,0.5,0.5,,,0.5,,,0.1,,,,,,,0.5,,0.5,,,,,,,,,,2,,,0.5
Rhinanthus glacialis,,,10,,,10,,,,,,0.5,,,,,,,,,,,,,,,,0.5,,0.5,0.5,,,,,,,,,,,,0.5,,,0.5,,,4,0.5,0.5,2,0.5,0.5,0.5,0.5,0.5,,0.5,2,4,,,,0.5,,,,0.5,,,0.5,,,,0.5,,,,,,10,4,4,4,4,,,0.5,0.5
Rhinanthus minor,,,,,,,,,,,,,,,,,,,,,,,,,,,,4,0.5,,,,,,,,,,,,,,0.5,,0.5,,0.5,,,,0.5,,,,,,,,0.5,,2,,,,,,0.5,,,,,,,,,,,,,,,0.5,0.5,0.5,,,,,4,0.5
Rubus,,,,,,,,,,,,,,,,,,,,,,,,,,,,,,,,,,,,,,,,,,,0.5,,,,,,,,,,,,,,,,,,,,,,,,,,,,,,,,,,,,,,,,,,,,,,,
Rubus caesius,,,,,,,,,,,,,,,,,,,,,,,,,,,,,,,,,,,,,,,,,,,,,,,,,,,,,,,,,,,,,,,,,,,,,,,,,,,,,,,,0.5,,,,,,,,,,
Rumex acetosa,,,,,,0.5,,,,,,,,,,,,,,,,,,,,,,,,,,,,,,,,,,,,,,,,,,,,,,,,,,,,,,,,,,,,,,,,,,,,,,,,,,,,,,,,,,,,
Salix eleagnos,,,,,,,,,,,,,,,,,,,,,,,,,,,,,,,,,,,,,,,,,,,,,,,,,,,,,,,,,,,,,,,,,,,,,,,,,,2,,,,,,,,,,,,,,,,
Salvia pratensis agg.,,,,,0.5,0.5,,,,,,,,,,,,,,,,,0.5,0.5,,,,,,0.5,,0.5,,,,,,0.5,0.5,2,0.5,,,,,,,0.5,,,,,,,,,,,,,,,2,,,,,,,,,,,,2,,,,,,0.5,,,,0.5,,,,,
Salvia verticillata,,,,0.5,,,,,,,,,,,,,,,,,,,,,,,,,,,,,,,,,,,,,,,,,,,,,,,,,,,,,,,,,,,,,,,,,,,,,,,,,0.5,,,,,,,,,,,,,
Sanguisorba minor,,,,0.1,0.5,,,,,,,,,,,0.5,0.5,,0.5,0.5,,,,0.5,,,,,,,,,,,,,,,,0.5,,,,,,,,,,,,,,,,0.5,,,,,4,,,,,,,,,,,,,,2,0.5,0.5,,2,0.5,,,,,,,,,,
Scabiosa canescens,,,2,,,2,0.5,2,2,2,2,2,0.5,2,4,,0.5,0.5,0.5,0.5,2,0.5,,,,0.5,2,,10,0.5,,,2,,2,,,,,,,,0.5,0.5,2,,,0.5,,0.5,0.5,,0.5,0.5,,0.5,2,4,0.5,4,,,,,,0.5,,,0.5,,,,0.5,0.5,,4,,2,,,,,,,,,,,,
Scabiosa columbaria agg.,,,,,,,,,,,,,,,,,,,,,,,,,,,,0.5,,,,0.5,,2,,,,,,,,,,,,,,,,,,,,,,,,,,,,,,,,,,,,,,,,,,,,,,,,,,,,,,,,0.5
Securigera varia,2,2,2,0.5,10,4,,4,2,0.5,2,2,,,,,,,,,,,,,,10,38,2,4,4,4,2,10,2,2,0.5,0.5,2,2,0.5,0.5,2,0.5,2,10,10,2,10,10,,0.5,4,,,,,,,,,4,,2,,0.5,,,,,,,,,,10,4,2,4,2,4,2,4,2,4,2,0.5,4,2,4,2
Sedum acre,,,,,,,,,,,,,,,0.5,,,,0.5,,,,0.5,,,,,,,,,,,,,,,,,,,,,,,,,,,,,,,,,,,,,,,,,,,,,,,,,,,,,,,,,,,,,,,,,,,0.5
Seseli annuum agg.,,,,,,,0.5,,,,,,0.5,,0.5,,0.5,0.5,,,,,,0.5,0.5,,,,,,,,,,,,,,,,,,,,,,,,,,,,,,,,,,,,,,,,,,,,,0.1,,,,,,,,,,,,,,,,,,,,
Sesleria varia agg.,,,,,,,,,,,,,,,,,,,,,,,,,2,,,,,,,,,,,,,,,,,,,,,,,,,,,,,,,,,,,,,,,,,,,,,,,,,,,,,,,,,,,,,,,,,
Silene nutans agg.,,0.5,,0.5,2,0.5,4,4,,0.5,4,4,0.5,0.5,0.5,,0.5,,0.5,,,0.5,2,0.5,,,,0.5,0.5,0.5,4,0.5,10,,,,,,,2,,,,,,,,,0.5,,,2,,2,0.5,2,0.5,0.5,,0.5,4,,,0.5,,2,,,,0.5,2,4,2,2,,4,2,0.5,0.5,,2,,,,,,2,,0.5,
Silene vulgaris,,,,,,,,,,,,,,,,,,,,,,,,,,,,,,,,,,,,,0.5,,,0.5,,,0.5,,,,,0.5,,,,,,,,,,,,,,,,,,,,,,,,,,,,,,,,,,,,,,,,,,
Tanacetum corymbosum agg.,,,,,,,,,0.5,0.5,,,,,,,,,,,,,,,,,,,,,,,,,2,,,,,,,,,,,,,,,,,,,,,,,,,,,,,,,,,,,,,,,,,,,2,,,,,,,,,,,,
Taraxacum,,,,,2,0.5,,,,,,0.5,,,,,,,,0.5,,,,,,,,0.5,0.5,,0.5,,0.5,,,,,0.1,,,,,,,,0.5,,0.5,0.5,,,,,,,,,,,,,,,,,,,,,,,,,,2,0.5,0.5,,,,,4,,0.5,,,2,,0.5,
Teucrium montanum,,,,,,,2,,,,,,2,2,,2,0.5,10,0.5,0.5,2,4,0.5,2,,,,,,,,,,,,,,,,,,,,,,,,,,0.5,,,0.5,,2,0.5,2,,4,10,,,,10,,4,,,2,4,2,4,2,2,,,,,,,,,,,,,,,,
Thesium pyrenaicum,,,,,,,,,,,,,,,,,,,,,,,,,,,,,,,,,,10,,,,,,,,,,,,,,,,,,,,,,,,,,,,,,,,,0.5,,,,,,,,,,,,,,,,,,,,,,,
Thymus praecox agg.,,,,,,,,,,,,,,,,,,,,,,,,,,,,,,,,,,,,,,,,,,,,,,,,,,,,,,,,,,,,,,,,,,,,,0.5,0.5,,,0.5,0.5,,,,,,,,,,,,,,,,
Thymus pulegioides agg.,,,,,,,2,,,,,,2,2,2,0.5,2,0.5,2,0.5,2,0.5,2,4,,,,0.1,,,,,2,,,0.5,,,,,0.5,0.5,,,0.5,,0.5,,0.5,0.5,0.5,,0.5,0.5,0.5,0.5,,2,2,2,0.5,,,,,,0.5,,,,,,,,,,,,,,,,,,0.5,,,,,0.5
Trifolium campestre,0.5,,0.5,,,,,,,,0.5,,,,,,,,,,,,,,0.5,2,2,,0.5,2,0.5,,0.5,0.5,,0.5,,,,0.5,,0.5,,,,0.5,,,,,,,,,,,,,,,0.5,,,,0.5,,2,,,,,,,,,,,,,,,2,2,20,0.5,0.5,,2,0.5,0.5
Trifolium dubium agg.,,,,,,,,0.1,,,0.5,0.5,,,,,,,,,,,,,,,,,,,,,,,,,,,,,,,,,,,,,,,,,,,,,,,,,,,,,,,,,,,,,,,,,,,,,,,,,,,,,,
Trifolium medium,,,,,,,,,,,,,,,,,,,,,,,,,,,,,,,,,,,0.5,,,,,,,,,,,,,,,,,,,,,,,,,,,,,,,,,,,,,,,,,,,,,,,,,,,,,,,
Trifolium montanum,0.5,,,2,0.5,,,,,,,,,,,,,,,,,,,,,,,,,,,,,,,,,,,,,,,,,,,,,,0.5,0.5,,0.1,0.5,,,,0.5,,,0.5,0.5,,,,,0.5,,,,,,,,,,,,,2,,,,,,,,0.5,
Trifolium pratense,,,,,,,,,,,,,,,,,,,,,,,,,,,,,,,,,,,,,,,,,,,,,,0.5,,0.5,,,,,,,,,,,,,,,,,,,,,,,,,,,,0.5,,,,,,,,2,,,,,0.5,
Trifolium repens,,,,,,,,,,,,,,,,,,,,,,,,,,,,,,,,,,,,,,,,,,,,,,,,,,,,,,,,,,,,,,,,,,,,,,,,,,,0.5,,,,0.1,0.5,0.5,,,,,,,,,
Trisetum flavescens agg.,,0.5,0.5,0.5,2,,,0.5,,,,,,,,,,,,,,,,,,,0.5,,0.5,,0.5,,2,,,,,0.5,,0.5,0.5,,0.5,,,,,2,,,,,,,,,,,,,0.5,2,2,,0.5,,0.5,,,,,,,,2,,0.5,,0.5,0.5,0.5,,2,0.5,,,,4,,
Verbascum nigrum,,,,,,,,,,,,,,,,,,,,,,,,,,,,,,,,,,4,,,,,,,,,,,,,,,,,,,,,,,,,,,,,,,,,,,,,,,,,,,,,,,,,,,,,,,,
Veronica arvensis,,,,,,0.1,,,,,,,,,,,,,,,,,,,,,0.1,,,0.5,,,,,,,,,,,,,,,,,,,,,,,,,,,,,,,,,,,,,,,,,,,,,0.5,,,,,,,,,,,,,,,
Veronica austriaca agg.,,,,,,,,,,,,,,,,,,,,,,,,,,,,,,,,,,,,,,,,,,,,,,,,,,,0.5,,,,,,,,,,,,,,,,,,,,,,,,,,0.5,,,,,,,,,,,,,
Veronica chamaedrys agg.,,,,,,,,,,,,,,,,,,,,,,,,,,,,0.5,0.5,,,0.5,0.5,,,,,,,,,,,0.5,0.5,0.5,,0.5,,,,0.5,,,,,,,,,,,,,,,,,,,,,,,,,,,,,,,0.5,,,,,,,0.5
Veronica spicata,,,,,,,,,,,,,,,,0.5,0.5,0.5,,,0.5,,0.5,,,,,,,,,,,,,,,,,,,,,,,,,,,,,,,,,,0.5,,,,,,,,,,,,,,,,,,,,,,,,,,,,,,,,,
Vicia hirsuta,,,,,,,,,,,,,,,,,,,,,,,,,,0.5,0.5,,,0.5,,,,,,,,,,,,,,,,,,,,,,,,,,,,,,,,,,,,,,,,,,,,,,,,,,,,,,,,,,,,
Vicia sativa agg.,,,,,,,,,,,,,,,,,,,,,,,,,0.5,0.5,0.1,,,0.5,0.5,,,0.5,,,,,,,,,0.1,,0.5,,,,,,,,,,,,,,,,,,,,0.5,,0.5,,,,,,,,0.5,,0.5,,,,,,,,0.5,,0.5,,,
Vincetoxicum hirundinaria agg.,,,,,,,,,,,,,,,,,,,,,,,,,,,,,,,,0.5,,,,,,,,,,,,,,,,,,,,,,,,,,,,,,,,,,,,,,,,,,,,,,,,,,,,,0.5,0.5,,,,
Viola arvensis,,,,,,,,,,,,,,,,,,,,,,,,,,,,,,,,0.5,,,,,,,,,,,,0.1,,,,,,,,,,,,,,,,,,,,,,,,,,,,,,,,,,,,,,,,,,,,,,
